-- --------------------------------------------------------
-- Host:                         127.0.0.1
-- Server version:               8.0.31 - MySQL Community Server - GPL
-- Server OS:                    Win64
-- HeidiSQL Version:             12.0.0.6468
-- --------------------------------------------------------

/*!40101 SET @OLD_CHARACTER_SET_CLIENT=@@CHARACTER_SET_CLIENT */;
/*!40101 SET NAMES utf8 */;
/*!50503 SET NAMES utf8mb4 */;
/*!40103 SET @OLD_TIME_ZONE=@@TIME_ZONE */;
/*!40103 SET TIME_ZONE='+00:00' */;
/*!40014 SET @OLD_FOREIGN_KEY_CHECKS=@@FOREIGN_KEY_CHECKS, FOREIGN_KEY_CHECKS=0 */;
/*!40101 SET @OLD_SQL_MODE=@@SQL_MODE, SQL_MODE='NO_AUTO_VALUE_ON_ZERO' */;
/*!40111 SET @OLD_SQL_NOTES=@@SQL_NOTES, SQL_NOTES=0 */;


-- Dumping database structure for autoparks
CREATE DATABASE IF NOT EXISTS `autoparks` /*!40100 DEFAULT CHARACTER SET utf8mb4 COLLATE utf8mb4_unicode_ci */ /*!80016 DEFAULT ENCRYPTION='N' */;
USE `autoparks`;

-- Dumping structure for table autoparks.adreses
CREATE TABLE IF NOT EXISTS `adreses` (
  `id` int unsigned NOT NULL AUTO_INCREMENT,
  `pilseta_id` int unsigned NOT NULL,
  `iela` varchar(50) COLLATE utf8mb4_unicode_ci DEFAULT NULL,
  PRIMARY KEY (`id`),
  KEY `pilseta_id` (`pilseta_id`),
  CONSTRAINT `pilseta_id` FOREIGN KEY (`pilseta_id`) REFERENCES `pilsetas` (`id`)
) ENGINE=InnoDB AUTO_INCREMENT=32 DEFAULT CHARSET=utf8mb4 COLLATE=utf8mb4_unicode_ci;

-- Dumping data for table autoparks.adreses: ~18 rows (approximately)
INSERT INTO `adreses` (`id`, `pilseta_id`, `iela`) VALUES
	(14, 1, 'SKOLOTĀJU IELA 6'),
	(15, 2, 'SKOLOTĀJU IELA 6'),
	(16, 26, 'KALPAKA IELA 6'),
	(17, 6, 'DEEZ NUTS 24'),
	(18, 11, 'SKOLOTĀJU IELA 6'),
	(19, 6, 'SKOLOTĀJU IELA 6'),
	(20, 5, 'SKOLOTĀJU IELA 6'),
	(21, 6, '5555555'),
	(22, 20, 'SKOLOTĀJU IELA 6'),
	(23, 21, 'SKOLOTĀJU IELA 6'),
	(24, 4, 'SKOLOTĀJU IELA 6'),
	(25, 12, 'SKOLOTĀJU IELA 6'),
	(26, 8, 'SKOLOTĀJU IELA 6'),
	(27, 9, 'SKOLOTĀJU IELA 6'),
	(28, 16, 'SKOLOTĀJU IELA 6'),
	(29, 18, 'SKOLOTĀJU IELA 6'),
	(30, 14, 'SKOLOTĀJU IELA 6'),
	(31, 17, 'SKOLOTĀJU IELA 6');

-- Dumping structure for procedure autoparks.adresesCheck
DELIMITER //
CREATE PROCEDURE `adresesCheck`(
IN val1 INT,
IN val2 VARCHAR(50)
)
BEGIN
    IF (EXISTS(SELECT id FROM adreses WHERE pilseta_id=val1 AND iela=val2)) THEN SELECT * FROM auto LIMIT 0;
    ELSE 
        INSERT IGNORE INTO adreses(pilseta_id, iela) VALUES (val1,val2);
    END IF;
END//
DELIMITER ;

-- Dumping structure for table autoparks.auto
CREATE TABLE IF NOT EXISTS `auto` (
  `id` int unsigned NOT NULL AUTO_INCREMENT,
  `marka_id` int unsigned NOT NULL,
  `modelis_id` int unsigned NOT NULL,
  `vin` varchar(17) COLLATE utf8mb4_unicode_ci NOT NULL,
  `tipa_nr` varchar(20) COLLATE utf8mb4_unicode_ci NOT NULL,
  `krasa_id` int unsigned NOT NULL,
  `motors_id` int unsigned NOT NULL,
  `sedvietas` int unsigned NOT NULL DEFAULT '0',
  `veids_id` int unsigned NOT NULL,
  `piezimes` varchar(300) CHARACTER SET utf8mb4 COLLATE utf8mb4_unicode_ci DEFAULT NULL,
  PRIMARY KEY (`id`),
  UNIQUE KEY `vin` (`vin`),
  UNIQUE KEY `tipa_nr` (`tipa_nr`),
  KEY `krasa_id` (`krasa_id`),
  KEY `marka_id` (`marka_id`),
  KEY `motors_id` (`motors_id`),
  KEY `veids_id` (`veids_id`),
  KEY `modelis_id` (`modelis_id`),
  CONSTRAINT `krasa_id` FOREIGN KEY (`krasa_id`) REFERENCES `krasas` (`id`),
  CONSTRAINT `marka_id` FOREIGN KEY (`marka_id`) REFERENCES `markas` (`id`),
  CONSTRAINT `motors_id` FOREIGN KEY (`motors_id`) REFERENCES `motori` (`id`),
  CONSTRAINT `veids_id` FOREIGN KEY (`veids_id`) REFERENCES `veidi` (`id`)
) ENGINE=InnoDB AUTO_INCREMENT=126 DEFAULT CHARSET=utf8mb4 COLLATE=utf8mb4_unicode_ci;

-- Dumping data for table autoparks.auto: ~0 rows (approximately)

-- Dumping structure for table autoparks.degvielas
CREATE TABLE IF NOT EXISTS `degvielas` (
  `id` int unsigned NOT NULL AUTO_INCREMENT,
  `degviela` varchar(50) COLLATE utf8mb4_unicode_ci NOT NULL DEFAULT '0',
  PRIMARY KEY (`id`),
  UNIQUE KEY `degviela` (`degviela`)
) ENGINE=InnoDB AUTO_INCREMENT=5 DEFAULT CHARSET=utf8mb4 COLLATE=utf8mb4_unicode_ci;

-- Dumping data for table autoparks.degvielas: ~4 rows (approximately)
INSERT INTO `degvielas` (`id`, `degviela`) VALUES
	(2, 'BENZĪNS'),
	(1, 'DĪZEĻDEGVIELA'),
	(4, 'ELEKTROAUTO'),
	(3, 'LPG');

-- Dumping structure for table autoparks.krasas
CREATE TABLE IF NOT EXISTS `krasas` (
  `id` int unsigned NOT NULL AUTO_INCREMENT,
  `krasa` varchar(50) COLLATE utf8mb4_unicode_ci NOT NULL DEFAULT '0',
  PRIMARY KEY (`id`),
  UNIQUE KEY `krasa` (`krasa`)
) ENGINE=InnoDB AUTO_INCREMENT=132 DEFAULT CHARSET=utf8mb4 COLLATE=utf8mb4_unicode_ci;

-- Dumping data for table autoparks.krasas: ~14 rows (approximately)
INSERT INTO `krasas` (`id`, `krasa`) VALUES
	(1, '**'),
	(2, 'BALTA'),
	(3, 'BRŪNA'),
	(4, 'DZELTENE'),
	(5, 'GAIŠI ZILA'),
	(6, 'MELNA'),
	(7, 'ORANŽA'),
	(8, 'PELĒKA'),
	(9, 'SARKANA'),
	(10, 'SUDRABA'),
	(11, 'TUMŠI SARKANA'),
	(12, 'VIOLETA'),
	(13, 'ZAĻA'),
	(14, 'ZILA');

-- Dumping structure for table autoparks.markas
CREATE TABLE IF NOT EXISTS `markas` (
  `id` int unsigned NOT NULL AUTO_INCREMENT,
  `marka` varchar(50) CHARACTER SET utf8mb4 COLLATE utf8mb4_unicode_ci NOT NULL,
  PRIMARY KEY (`id`),
  UNIQUE KEY `marka` (`marka`)
) ENGINE=InnoDB AUTO_INCREMENT=161 DEFAULT CHARSET=utf8mb4 COLLATE=utf8mb4_unicode_ci;

-- Dumping data for table autoparks.markas: ~40 rows (approximately)
INSERT INTO `markas` (`id`, `marka`) VALUES
	(1, 'ALFAROMEO'),
	(2, 'AUDI'),
	(3, 'BMW'),
	(4, 'CHEVROLET'),
	(5, 'CHRYSLER'),
	(6, 'CITROEN'),
	(7, 'DACIA'),
	(8, 'DODGE'),
	(9, 'FIAT'),
	(10, 'FORD'),
	(38, 'GAZ'),
	(11, 'HONDA'),
	(12, 'HYUNDAI'),
	(13, 'INFINITI'),
	(14, 'JAGUAR'),
	(82, 'JAUNA MARKA'),
	(15, 'JEEP'),
	(16, 'KIA'),
	(17, 'LANCIA'),
	(18, 'LANDROVER'),
	(19, 'LEXUS'),
	(20, 'MAZDA'),
	(21, 'MERCEDES'),
	(22, 'MINI'),
	(23, 'MITSUBISHI'),
	(24, 'NISSAN'),
	(25, 'OPEL'),
	(26, 'PEUGEOT'),
	(27, 'PORSCHE'),
	(28, 'RENAULT'),
	(29, 'SAAB'),
	(30, 'SEAT'),
	(31, 'SKODA'),
	(32, 'SMART'),
	(33, 'SUBARU'),
	(34, 'SUZUKI'),
	(35, 'TOYOTA'),
	(39, 'VAZ'),
	(36, 'VOLKSWAGEN'),
	(37, 'VOLVO');

-- Dumping structure for table autoparks.modeli
CREATE TABLE IF NOT EXISTS `modeli` (
  `id` int unsigned NOT NULL AUTO_INCREMENT,
  `modelis` varchar(50) CHARACTER SET utf8mb4 COLLATE utf8mb4_unicode_ci NOT NULL,
  PRIMARY KEY (`id`),
  UNIQUE KEY `modelis` (`modelis`)
) ENGINE=InnoDB AUTO_INCREMENT=569 DEFAULT CHARSET=utf8mb4 COLLATE=utf8mb4_unicode_ci;

-- Dumping data for table autoparks.modeli: ~415 rows (approximately)
INSERT INTO `modeli` (`id`, `modelis`) VALUES
	(47, '1. SĒRIJA'),
	(45, '100'),
	(48, '116'),
	(49, '118'),
	(50, '120'),
	(51, '135'),
	(2, '145'),
	(3, '147'),
	(411, '1500'),
	(4, '156'),
	(1, '159'),
	(5, '166'),
	(52, '2. SĒRIJA'),
	(406, '20'),
	(314, '2008'),
	(407, '21'),
	(412, '2101'),
	(413, '2106'),
	(414, '2107'),
	(415, '21213'),
	(53, '216'),
	(54, '218'),
	(55, '220'),
	(56, '225'),
	(57, '228'),
	(408, '24'),
	(58, '3. SĒRIJA'),
	(144, '300C'),
	(145, '300M'),
	(315, '307'),
	(313, '308'),
	(409, '3102'),
	(410, '3110'),
	(59, '316'),
	(60, '318'),
	(61, '320'),
	(62, '323'),
	(63, '325'),
	(64, '328'),
	(65, '330'),
	(66, '335'),
	(67, '340'),
	(68, '4. SĒRIJA'),
	(46, '4000'),
	(69, '420'),
	(70, '425'),
	(71, '430'),
	(72, '435'),
	(73, '5. SĒRIJA'),
	(312, '5008'),
	(74, '520'),
	(75, '523'),
	(76, '525'),
	(77, '528'),
	(78, '530'),
	(79, '535'),
	(80, '540'),
	(81, '545'),
	(82, '550'),
	(83, '6. SĒRIJA'),
	(84, '630'),
	(85, '635'),
	(86, '640'),
	(87, '645'),
	(88, '650'),
	(89, '7. SĒRIJA'),
	(90, '725'),
	(91, '728'),
	(92, '730'),
	(93, '732'),
	(94, '735'),
	(95, '740'),
	(96, '745'),
	(97, '750'),
	(98, '760'),
	(99, '8. SĒRIJA'),
	(43, '80'),
	(100, '840'),
	(101, '850'),
	(329, '9-7X'),
	(44, '90'),
	(330, '900'),
	(331, '9000'),
	(316, '911'),
	(317, '924'),
	(265, 'A-KLASE'),
	(14, 'A1'),
	(15, 'A2'),
	(16, 'A3'),
	(17, 'A4'),
	(18, 'A5'),
	(19, 'A6'),
	(20, 'A7'),
	(21, 'A8'),
	(216, 'ACCENT'),
	(196, 'ACCORD'),
	(197, 'AERODECK'),
	(169, 'AEROSTAR'),
	(38, 'ALLROAD'),
	(301, 'ALMERA'),
	(360, 'AMAROK'),
	(361, 'ARTEON'),
	(306, 'ASTRA'),
	(122, 'ASTRO'),
	(123, 'ASTRO VAN'),
	(332, 'ATECA'),
	(214, 'AVANTE ELANTRA'),
	(159, 'AVENGER'),
	(354, 'AVENSIS'),
	(124, 'AVEO'),
	(266, 'B-KLASE'),
	(170, 'B-MAX'),
	(362, 'BEETLE'),
	(363, 'BORA'),
	(318, 'BOXTER'),
	(164, 'BRAVA'),
	(6, 'BRERA'),
	(267, 'C-KLASE'),
	(171, 'C-MAX'),
	(39, 'CABRIO'),
	(40, 'CABRIOLET'),
	(364, 'CADDY'),
	(125, 'CAMARO'),
	(355, 'CAMRY'),
	(126, 'CAPTIVA'),
	(365, 'CARAVELLE'),
	(319, 'CAYENNE'),
	(320, 'CAYMAN'),
	(237, 'CEED'),
	(160, 'CHALLENGER'),
	(232, 'CHEROKEE'),
	(127, 'CHEVY VAN'),
	(198, 'CIVIC'),
	(268, 'CL-KLASE'),
	(269, 'CLA-KLASE'),
	(323, 'CLIO'),
	(270, 'CLK-KLASE'),
	(271, 'CLS-KLASE'),
	(288, 'CLUBMAN'),
	(307, 'COMBO'),
	(233, 'COMMANDER'),
	(234, 'COMPASS'),
	(289, 'COOPER'),
	(290, 'COOPER S'),
	(356, 'COROLLA'),
	(308, 'CORSA'),
	(128, 'CORVETTE'),
	(291, 'COUNTRYMAN'),
	(213, 'COUNTY'),
	(41, 'COUPE'),
	(172, 'COURIER'),
	(199, 'CR-V'),
	(366, 'CRAFTER'),
	(165, 'CROMA'),
	(146, 'CROSSFIRE'),
	(7, 'CROSSWAGON'),
	(173, 'CROWN VICTORIA'),
	(129, 'CRUZE'),
	(248, 'CT'),
	(262, 'CX-30'),
	(263, 'CX-5'),
	(260, 'CX-50'),
	(261, 'CX-9'),
	(161, 'DAKOTA'),
	(244, 'DEFENDER'),
	(242, 'DELTA'),
	(245, 'DISCOVERY'),
	(154, 'DOKKER'),
	(162, 'DURANGO'),
	(155, 'DUSTER'),
	(272, 'E-KLASE'),
	(221, 'E-PACE'),
	(22, 'E-TRON'),
	(295, 'ECLIPSE'),
	(174, 'ECOLINE'),
	(175, 'ECOSPORT'),
	(367, 'EOS'),
	(130, 'EPICA'),
	(249, 'ES'),
	(176, 'ESCORT'),
	(131, 'EVANDA'),
	(333, 'EXEO'),
	(177, 'EXPEDITION'),
	(178, 'EXPLORER'),
	(132, 'EXPRESS'),
	(222, 'F-PACE'),
	(223, 'F-TYPE'),
	(179, 'F150'),
	(337, 'FABIA'),
	(180, 'FIESTA'),
	(181, 'FOCUS'),
	(344, 'FORESTER'),
	(342, 'FORFOUR'),
	(343, 'FORTWO'),
	(368, 'FOX'),
	(200, 'FR-V'),
	(246, 'FREELANDER'),
	(182, 'FUSION'),
	(217, 'FX'),
	(273, 'G-KLASE'),
	(218, 'G35'),
	(296, 'GALANT'),
	(183, 'GALAXY'),
	(274, 'GL-KLASE'),
	(275, 'GLA-KLASE'),
	(276, 'GLB-KLASE'),
	(277, 'GLC-KLASE'),
	(278, 'GLE-KLASE'),
	(279, 'GLK-KLASE'),
	(280, 'GLS-KLASE'),
	(369, 'GOLF 2'),
	(370, 'GOLF 3'),
	(371, 'GOLF 4'),
	(372, 'GOLF 5'),
	(373, 'GOLF 6'),
	(374, 'GOLF 7'),
	(375, 'GOLF PLUS'),
	(376, 'GOLF SPORTSVAN'),
	(377, 'GOLF VARIANT'),
	(235, 'GRAND CHEROKEE'),
	(210, 'GRAND STAREX'),
	(348, 'GRAND VITARA'),
	(147, 'GRAND VOYAGER'),
	(250, 'GS'),
	(10, 'GT'),
	(11, 'GTV'),
	(8, 'GUILIA'),
	(9, 'GUILIETTA'),
	(251, 'GX'),
	(292, 'HATCH'),
	(357, 'HILUX'),
	(120, 'I SERIJA'),
	(121, 'I3'),
	(334, 'IBIZA'),
	(345, 'IMPREZA'),
	(252, 'IS'),
	(201, 'JAZZ'),
	(378, 'JETTA'),
	(349, 'JIMNY'),
	(184, 'KA'),
	(379, 'KAFER'),
	(338, 'KAROQ'),
	(185, 'KUGA'),
	(133, 'LACETTI'),
	(297, 'LANCER'),
	(298, 'LANCER EVOLUTION'),
	(324, 'LATITUDE'),
	(302, 'LEAF'),
	(346, 'LEGACY'),
	(202, 'LEGEND'),
	(335, 'LEON'),
	(350, 'LIANA'),
	(158, 'LODGY'),
	(156, 'LOGAN'),
	(203, 'LOGO'),
	(253, 'LS'),
	(380, 'LT'),
	(381, 'LUPO'),
	(254, 'LX'),
	(102, 'M SĒRIJA'),
	(103, 'M1'),
	(104, 'M2'),
	(105, 'M3'),
	(219, 'M30'),
	(106, 'M4'),
	(107, 'M5'),
	(108, 'M6'),
	(321, 'MACAN'),
	(134, 'MALIBU'),
	(135, 'MATIZ'),
	(186, 'MAVERICK'),
	(325, 'MEGANE'),
	(281, 'ML-KLASE'),
	(309, 'MOKKA'),
	(187, 'MONDOE'),
	(382, 'MULTIVAN'),
	(188, 'MUSTANG'),
	(264, 'MX-5 MIATA'),
	(148, 'NEON'),
	(136, 'NUBIRA'),
	(255, 'NX'),
	(339, 'OCTAVIA'),
	(293, 'ONE'),
	(137, 'ORLANDO'),
	(299, 'OUTLANDER'),
	(294, 'PACEMAN'),
	(149, 'PACIFICA'),
	(322, 'PANAMERA'),
	(166, 'PANDA'),
	(311, 'PARTNER'),
	(383, 'PASSAT'),
	(384, 'PHAETON'),
	(385, 'POLO'),
	(209, 'PORTER'),
	(204, 'PRELUDE'),
	(303, 'PRIMERA'),
	(358, 'PRIUS'),
	(150, 'PT CRUISER'),
	(23, 'Q2'),
	(24, 'Q3'),
	(25, 'Q5'),
	(26, 'Q7'),
	(27, 'Q8'),
	(304, 'QASHQAI'),
	(42, 'QUATTRO'),
	(220, 'QX56'),
	(282, 'R-KLASE'),
	(163, 'RAM'),
	(247, 'RANGE ROVER'),
	(189, 'RANGER'),
	(190, 'RAPTOR'),
	(256, 'RC'),
	(138, 'REZZO'),
	(238, 'RIO'),
	(28, 'RS4'),
	(257, 'RX'),
	(139, 'S-10'),
	(283, 'S-KLASE'),
	(191, 'S-MAX'),
	(224, 'S-TYPE'),
	(29, 'S2'),
	(30, 'S3'),
	(31, 'S4'),
	(400, 'S40'),
	(32, 'S5'),
	(33, 'S6'),
	(34, 'S7'),
	(35, 'S8'),
	(401, 'S90'),
	(351, 'SAMURAI'),
	(157, 'SANDERO'),
	(207, 'SANTA FE'),
	(258, 'SC'),
	(386, 'SCIROCCO'),
	(192, 'SCORPIO'),
	(167, 'SCUDO'),
	(151, 'SEBRING'),
	(387, 'SHARAN'),
	(205, 'SHUTTLE'),
	(193, 'SIERRA'),
	(140, 'SILVERADO'),
	(284, 'SL-KLASE'),
	(285, 'SLK-KLASE'),
	(211, 'SONATA'),
	(239, 'SOUL'),
	(300, 'SPACE WAGON'),
	(141, 'SPARK'),
	(12, 'SPIDER'),
	(240, 'SPORTAGE'),
	(215, 'STAREX'),
	(13, 'STELVIO'),
	(206, 'STREAM'),
	(142, 'SUBURBAN'),
	(340, 'SUPERB'),
	(359, 'SUPRA'),
	(352, 'SWIFT'),
	(388, 'T-CROSS'),
	(389, 'T-ROC'),
	(390, 'T2'),
	(391, 'T3'),
	(392, 'T4'),
	(393, 'T5'),
	(394, 'T6'),
	(395, 'TAIGO'),
	(326, 'TALISMAN'),
	(212, 'TERRACAN'),
	(243, 'THEMA'),
	(310, 'TIGRA'),
	(396, 'TIGUAN'),
	(336, 'TOLEDO'),
	(397, 'TOUAREG'),
	(398, 'TOURAN'),
	(194, 'TOURNEO'),
	(152, 'TOWN '),
	(195, 'TRANSIT'),
	(399, 'TRANSPORTER'),
	(143, 'TRAX'),
	(36, 'TT'),
	(208, 'TUCSON'),
	(168, 'ULYSSE'),
	(259, 'UX'),
	(286, 'V-KLASE'),
	(402, 'V40'),
	(37, 'V8'),
	(403, 'V90'),
	(353, 'VITARA'),
	(153, 'VOYAGER'),
	(236, 'WRANGLER'),
	(112, 'X SĒRIJA'),
	(287, 'X-KLASE'),
	(305, 'X-TRAIL'),
	(225, 'X-TYPE'),
	(113, 'X1'),
	(114, 'X2'),
	(115, 'X3'),
	(116, 'X4'),
	(117, 'X5'),
	(118, 'X6'),
	(119, 'X7'),
	(404, 'XC40'),
	(405, 'XC90'),
	(241, 'XCEED'),
	(226, 'XE'),
	(227, 'XF'),
	(228, 'XJ'),
	(229, 'XJ40'),
	(230, 'XJS'),
	(231, 'XK'),
	(347, 'XV'),
	(341, 'YETI'),
	(109, 'Z SĒRIJA'),
	(110, 'Z3'),
	(111, 'Z4');

-- Dumping structure for table autoparks.motori
CREATE TABLE IF NOT EXISTS `motori` (
  `id` int unsigned NOT NULL AUTO_INCREMENT,
  `tilpums` int unsigned NOT NULL DEFAULT '0',
  `degviela_id` int unsigned NOT NULL DEFAULT '0',
  PRIMARY KEY (`id`),
  UNIQUE KEY `id` (`id`)
) ENGINE=InnoDB AUTO_INCREMENT=26 DEFAULT CHARSET=utf8mb4 COLLATE=utf8mb4_unicode_ci;

-- Dumping data for table autoparks.motori: ~9 rows (approximately)
INSERT INTO `motori` (`id`, `tilpums`, `degviela_id`) VALUES
	(17, 1234, 1),
	(18, 333, 2),
	(19, 7777, 2),
	(20, 222, 2),
	(21, 3333, 2),
	(22, 1234, 2),
	(23, 55, 2),
	(24, 1234, 4),
	(25, 1234, 3);

-- Dumping structure for procedure autoparks.motoruCheck
DELIMITER //
CREATE PROCEDURE `motoruCheck`(
IN val1 INT,
IN val2 INT
)
BEGIN
    IF (EXISTS(SELECT id FROM motori WHERE tilpums=val1 AND degviela_id=val2)) THEN SELECT * FROM auto LIMIT 0;
    ELSE 
        INSERT IGNORE INTO motori(tilpums, degviela_id) VALUES (val1,val2);
    END IF;
END//
DELIMITER ;

-- Dumping structure for table autoparks.pase
CREATE TABLE IF NOT EXISTS `pase` (
  `id` int NOT NULL AUTO_INCREMENT,
  `apliecibas_nr` varchar(50) COLLATE utf8mb4_unicode_ci NOT NULL DEFAULT '0',
  `reg_nr` varchar(50) COLLATE utf8mb4_unicode_ci NOT NULL DEFAULT '0',
  `auto_id` int unsigned NOT NULL,
  `adrese_id` int unsigned NOT NULL,
  PRIMARY KEY (`id`),
  UNIQUE KEY `apliecibas_nr` (`apliecibas_nr`),
  UNIQUE KEY `reg_nr` (`reg_nr`),
  KEY `adrese_id` (`adrese_id`),
  KEY `auto_id` (`auto_id`),
  CONSTRAINT `adrese_id` FOREIGN KEY (`adrese_id`) REFERENCES `adreses` (`id`),
  CONSTRAINT `auto_id` FOREIGN KEY (`auto_id`) REFERENCES `auto` (`id`)
) ENGINE=InnoDB AUTO_INCREMENT=69 DEFAULT CHARSET=utf8mb4 COLLATE=utf8mb4_unicode_ci;

-- Dumping data for table autoparks.pase: ~0 rows (approximately)

-- Dumping structure for table autoparks.pilsetas
CREATE TABLE IF NOT EXISTS `pilsetas` (
  `id` int unsigned NOT NULL AUTO_INCREMENT,
  `pilseta` varchar(50) CHARACTER SET utf8mb4 COLLATE utf8mb4_unicode_ci NOT NULL,
  PRIMARY KEY (`id`),
  UNIQUE KEY `pilseta` (`pilseta`)
) ENGINE=InnoDB AUTO_INCREMENT=77 DEFAULT CHARSET=utf8mb4 COLLATE=utf8mb4_unicode_ci;

-- Dumping data for table autoparks.pilsetas: ~76 rows (approximately)
INSERT INTO `pilsetas` (`id`, `pilseta`) VALUES
	(1, 'AINAŽI'),
	(2, 'AIZKRAUKLE'),
	(3, 'AIZPUTE'),
	(4, 'AKNĪSTE'),
	(5, 'ALOJA'),
	(6, 'ALŪKSNE'),
	(7, 'APE'),
	(8, 'AUCE'),
	(9, 'BALDONE'),
	(10, 'BALOŽI'),
	(11, 'BALVI'),
	(12, 'BAUSKA'),
	(13, 'BROCĒNI'),
	(14, 'CĒSIS'),
	(15, 'CESVAINE'),
	(16, 'DAGDA'),
	(17, 'DAUGAVPILS'),
	(18, 'DOBELE'),
	(19, 'DURBE'),
	(20, 'GROBIŅA'),
	(21, 'GULBENE'),
	(22, 'IKŠĶILE'),
	(23, 'ILŪKSTE'),
	(24, 'JAUNJELGAVA'),
	(25, 'JĒKABPILS'),
	(26, 'JELGAVA'),
	(27, 'JŪRMALA'),
	(28, 'KANDAVA'),
	(29, 'KĀRSAVA'),
	(30, 'ĶEGUMS'),
	(31, 'KRĀSLAVA'),
	(32, 'KULDĪGA'),
	(33, 'LIELVĀRDE'),
	(34, 'LIEPĀJA'),
	(35, 'LĪGATNE'),
	(36, 'LIMBAŽI'),
	(37, 'LĪVĀNI'),
	(38, 'LUBĀNA'),
	(39, 'LUDZA'),
	(40, 'MADONA'),
	(41, 'MAZSALACA'),
	(42, 'OGRE'),
	(43, 'OLAINE'),
	(44, 'PĀVILOSTA'),
	(45, 'PILTENE'),
	(46, 'PĻAVIŅAS'),
	(47, 'PREIĻI'),
	(48, 'PRIEKULE'),
	(49, 'RĒZEKNE'),
	(50, 'RĪGA'),
	(51, 'RŪJIENA'),
	(52, 'SABILE'),
	(53, 'SALACGRĪVA'),
	(54, 'SALASPILS'),
	(55, 'SALDUS'),
	(56, 'SAULKRASTI'),
	(57, 'SEDA'),
	(58, 'SIGULDA'),
	(59, 'SKRUNDA'),
	(60, 'SMILTENE'),
	(61, 'STAICELE'),
	(62, 'STENDE'),
	(63, 'STRENČI'),
	(64, 'SUBATE'),
	(65, 'TALSI'),
	(66, 'TUKUMS'),
	(67, 'VALDEMĀRPILS'),
	(68, 'VALKA'),
	(69, 'VALMIERA'),
	(70, 'VANGAŽI'),
	(71, 'VARAKĻĀNI'),
	(72, 'VENTSPILS'),
	(73, 'VIESĪTE'),
	(74, 'VIĻAKA'),
	(75, 'VIĻĀNI'),
	(76, 'ZILUPE');

-- Dumping structure for table autoparks.veidi
CREATE TABLE IF NOT EXISTS `veidi` (
  `id` int unsigned NOT NULL AUTO_INCREMENT,
  `veids` varchar(50) COLLATE utf8mb4_unicode_ci NOT NULL DEFAULT '0',
  PRIMARY KEY (`id`),
  UNIQUE KEY `veids` (`veids`)
) ENGINE=InnoDB AUTO_INCREMENT=10 DEFAULT CHARSET=utf8mb4 COLLATE=utf8mb4_unicode_ci;

-- Dumping data for table autoparks.veidi: ~8 rows (approximately)
INSERT INTO `veidi` (`id`, `veids`) VALUES
	(1, 'APVIDUS'),
	(2, 'HEČBEKS'),
	(3, 'KABRIOLETS'),
	(4, 'KUPEJA'),
	(5, 'MIKROAUTOBUSS'),
	(6, 'MINIVENS'),
	(7, 'PIKAPS'),
	(8, 'SEDANS'),
	(9, 'UNIVERSĀLS');

/*!40103 SET TIME_ZONE=IFNULL(@OLD_TIME_ZONE, 'system') */;
/*!40101 SET SQL_MODE=IFNULL(@OLD_SQL_MODE, '') */;
/*!40014 SET FOREIGN_KEY_CHECKS=IFNULL(@OLD_FOREIGN_KEY_CHECKS, 1) */;
/*!40101 SET CHARACTER_SET_CLIENT=@OLD_CHARACTER_SET_CLIENT */;
/*!40111 SET SQL_NOTES=IFNULL(@OLD_SQL_NOTES, 1) */;
